Title;Date;URL;Likes;Comments;Clicks;Shares;Impressions;Engagement;Vid. Views;Viewers;Time Watched;Type
"ğ—¥ğ—²ğ—°ğ—¼ğ—»ğ˜€ğ˜ğ—¿ğ˜‚ğ—¶ğ—¿ ğ˜ğ—¿ğ—®ğ˜€ ğ—¹ğ—® ğ—²ğ—ºğ—²ğ—¿ğ—´ğ—²ğ—»ğ—°ğ—¶ğ—®: ğ—°ğ—¼ğ—»ğ˜€ğ˜ğ—¿ğ˜‚ğ—°ğ—°ğ—¶Ã³ğ—» ğ—±ğ—² ğ˜ƒğ—¶ğ˜ƒğ—¶ğ—²ğ—»ğ—±ğ—®ğ˜€ ğ—²ğ—» ğ—•ğ—®ğ—µÃ­ğ—® ğ—•ğ—¹ğ—®ğ—»ğ—°ğ—®

En marzo de 2025, una gran inundaciÃ³n en BahÃ­a Blanca puso en evidencia la crisis habitacional y climÃ¡tica que enfrentan miles de familias en barrios populares. En apenas 24 horas, se registrÃ³ una lluvia equivalente a seis meses, afectando especialmente a quienes vivÃ­an en condiciones precarias, muchas veces sobre piso de tierra.

Frente a esta emergencia, desde TECHO, junto al apoyo de la AsociaciÃ³n del FÃºtbol Argentino (AFA) y la campaÃ±a #UnGolPorUnTecho, construimos en julio 7 viviendas para familias en situaciÃ³n crÃ­tica:

ğŸ”¹ 3 viviendas de emergencia junto a voluntariado movilizado desde NeuquÃ©n y Rio Negro
ğŸ”¹ 4 viviendas progresivas y accesibles junto a la @FÃ¡brica Social TECHO Argentina

El proceso social y la asignaciÃ³n de las familias estuvieron liderados por el Municipio de BahÃ­a Blanca, que acompaÃ±a el seguimiento y apoyo posterior a las familias beneficiarias.

Este proyecto representa un primer paso fundamental para reconstruir en comunidad, visibilizando la urgencia de atender la emergencia habitacional agravada por el cambio climÃ¡tico y reafirmando el compromiso de TECHO y sus aliados para transformar realidades.

ğŸ¥ MirÃ¡ el video con testimonios de las familias y el proceso constructivo:
ğŸŒ± Para sumarte a esta causa y construir con nosotros: argentina.techo.org

#EmergenciaHabitacional #CambioClimÃ¡tico #ReconstruirEnComunidad #UnGolPorUnTecho #ViviendaDigna #TECHO #BahÃ­aBlanca";2025-07-28 13:20;"https://www.linkedin.com/feed/update/urn:li:ugcPost:7355633371307294720";27;1;38;6;1095;"6.58";548;503;37;"video"
"Ya estamos en vivo construyendo la vivienda 150.000 en LatinoamÃ©rica

Sumate ahora a compartir este hito â–¶ï¸  https://lnkd.in/dvQmDKxT";2025-07-27 14:59;"https://www.linkedin.com/feed/update/urn:li:share:7355295905392029696";1;0;10;0;270;"4.07";;;;"text"
"ğŸŒ Â¡Este domingo construiremos juntos la Vivienda 150 mil de TECHO! 

Queremos invitarte a ser parte del streaming en vivo desde territorio, donde compartiremos esta celebraciÃ³n junto a voluntarios, familias, aliados y el equipo de TECHO en toda la regiÃ³n.

ğŸ› ï¸ AcompaÃ±a la construcciÃ³n desde las 9h (hora PY)
ğŸ•’ Live con TECHO a las 15h (PY) | 14h (CL) | 13h (COL) | 12h (MX)
ğŸ“ Desde la comunidad, en vivo
ğŸ¥ Nos vemos en YouTube â†’ activÃ¡ el recordatorio acÃ¡ https://lnkd.in/dvQmDKxT 

Â¡Te esperamos para seguir construyendo historia! ğŸ’™";2025-07-24 13:18;"https://www.linkedin.com/feed/update/urn:li:share:7354183250786811904";22;1;11;4;860;"4.42";;;;"image"
"HOY CUMPLIMOS 28 AÃ‘OS DE HISTORIA.

Este es el recorrido que nos llevÃ³ a construir 150 mil viviendas.
675 mil personas ya no duermen en un piso de tierra.

En 1997 comenzamos con un sueÃ±o: un grupo de jÃ³venes se reuniÃ³ para construir viviendas de emergencia para familias afectadas por un gran temporal en Curanilahue, Chile.

AsÃ­ empezamos. Una familia a la vez. Casa por casa. Barrio por barrio. Empezamos sin saber cÃ³mo hacerlo, pero lo descubrimos trabajando codo a codo con las comunidades para generar un cambio real.

En estos 28 aÃ±os vimos pasar a millones de personas. Personas que dejaron su amor, su esfuerzo y su convicciÃ³n, unidas por un mismo sueÃ±o, en 18 paÃ­ses de AmÃ©rica Latina.

ğŸ‡¦ğŸ‡· En 22 aÃ±os de TECHO Argentina 18.588 familias viven en un espacio mÃ¡s digno y seguro.Â 

Y seguimos. Porque nuestro sueÃ±o para 2030 estÃ¡ mÃ¡s vivo que nunca:
lograr que un millÃ³n de personas en LatinoamÃ©rica y el Caribe dejen de dormir en un piso de tierra.";2025-07-18 10:02;"https://www.linkedin.com/feed/update/urn:li:ugcPost:7351959613568696320";52;2;228;2;1638;"17.34";;;;"document"
"Â¡Construimos la vivienda 150.000!ğŸ¥³ @TECHO \| TETO

Este aÃ±o llegamos a la cifra acumulada de 150.000 viviendas construidas en LatinoamÃ©rica y El Caribe. Eso significan mÃ¡s de medio millÃ³n de personas que ya no duermen sobre un piso de tierra.

Y este es solo el comienzo. 

Si queres que tu empresa tambiÃ©n sea parte del cambio, te invitamos a sumarte completando este formulario: https://lnkd.in/e6ER_F3X
O envÃ­anos un ğŸ“§ mail a empresas.argentina@techo.org. 

@Luciana Santos @Chiara Prioletta @Luz Romo @Camila Monge @Laura GarzÃ³n DÃ­az";2025-07-11 11:32;"https://www.linkedin.com/feed/update/urn:li:ugcPost:7349445551697883136";20;0;220;5;1006;"24.35";;;;"document"
"â¡ï¸ Alianzas para el impacto social y ambiental 

Junto al IDUAR, organismo descentralizado de la @Municipalidad de Moreno, acompaÃ±amos la relocalizaciÃ³n de familias en situaciÃ³n de emergencia habitacional que vivÃ­an en zonas de riesgo hÃ­drico cerca del arroyo Villanueva.

Las familias fueron trasladadas por el organismo a lotes con servicios en Trujui, y desde TECHO proveÃ­mos 10 viviendas de emergencia, participamos de una primera tanda de construcciÃ³n y brindamos capacitaciÃ³n tÃ©cnica. A fines de junio, construimos las primeras 3 viviendas junto a voluntariado y personal municipal. 

Este hito refuerza la articulaciÃ³n entre sociedad civil y gobiernos locales para brindar soluciones habitacionales concretas, impulsando respuestas mÃ¡s integrales y sostenibles en barrios populares.

@SofÃ­a Menoyo Lozano 

#TECHO #Alianzas #Moreno #vivienda";2025-07-04 17:50;"https://www.linkedin.com/feed/update/urn:li:ugcPost:7347003802253778945";21;1;112;0;1157;"11.58";;;;"multiimage"
"En @TECHO - Argentina creemos que las experiencias verdaderamente transformadoras no solo se construyen con herramientas, sino tambiÃ©n a travÃ©s del encuentro, la empatÃ­a y la acciÃ³n colectiva.

Gracias @Lola Verhaert por animarte a ser parte de una construcciÃ³n y compartir una reflexiÃ³n tan profunda. Testimonios como el tuyo reafirman el valor de las experiencias como esta que conectan a estudiantes con comunidades y los invitan a repensar su rol en la construcciÃ³n de una sociedad mÃ¡s justa e inclusiva. 

A travÃ©s de nuestros programas de voluntariado en asentamientos populares de la Argentina, estudiantes internacionales se suman a construir junto a familias que viven en situaciÃ³n de extrema pobreza, compartiendo historias, trabajando codo a codo y aprendiendo mutuamente.

ğŸ‘‰ğŸ¼Si formÃ¡s parte de una universidad, programa de intercambio o instituciÃ³n educativa que busca ofrecer a sus estudiantes una experiencia transformadora y con impacto social en AmÃ©rica Latina, Â¡nos encantarÃ­a conversar!

ğŸ“©Escribinos aÂ secundarios.argentina@techo.orgÂ o completÃ¡ el formularioÂ https://lnkd.in/d2UpGxxfÂ para explorar cÃ³mo podemos construir juntos una Argentina de encuentros.";2025-07-04 11:29;"https://www.linkedin.com/feed/update/urn:li:ugcPost:7346908085413711873";7;1;54;0;939;"6.6";;;;"text"
"âœ¨ Transformar la realidad es posible cuando cada persona puede ser, amar y habitar con orgullo.

En TECHO creemos en el respeto y el cuidado mutuo. En los barrios populares y en cada espacio de voluntariado, buscamos crear entornos seguros donde todas las personas puedan expresarse con libertad y orgullo.

SoÃ±amos con una sociedad donde tengamos las mismas condiciones para vivir con igualdad y dignidad.


ğŸŒˆ #Orgullo #Diversidad #LGBTIQ+ #DiaDelOrgullo";2025-06-28 16:16;"https://www.linkedin.com/feed/update/urn:li:share:7344805787069833216";23;0;6;1;768;"3.91";;;;"image"
"Alianzas que transforman realidades

A travÃ©s del convenio entre la Municipalidad de Yerba Buena (TucumÃ¡n) y TECHO, 6 familias accedieron a una vivienda de emergencia con kit elÃ©ctrico. MÃ¡s de 35 voluntarios y voluntarias de la organizaciÃ³n se movilizaron junto a las familias para hacerlo posible.

Este trabajo conjunto demuestra que cuando los gobiernos locales y la sociedad civil articulan, se construyen soluciones concretas para garantizar el acceso a una vivienda segura.

#TECHO #YerbaBuena #Vivienda #Voluntariado";2025-06-27 13:38;"https://www.linkedin.com/feed/update/urn:li:ugcPost:7344403825622941696";26;0;107;0;998;"13.33";;;;"multiimage"
"Gracias por ser parte de la transformaciÃ³n ğŸ¡

Este aÃ±o en @TECHO - Argentina nos propusimos un gran desafÃ­o: construir 1.000 viviendas junto a familias que viven en barrios populares.

SabÃ­amos que no podÃ­amos hacerlo solos. Por eso, queremos agradecer especialmente a las empresas aliadas que nos acompaÃ±an hace aÃ±os y, en particular, durante nuestra campaÃ±a de recaudaciÃ³n 2025.

Su compromiso y apoyo no solo hacen posible que mÃ¡s familias accedan a un techo seguro, sino que tambiÃ©n demuestran que la articulaciÃ³n entre el sector privado y las organizaciones sociales es clave para transformar realidades.

Gracias por creer. Gracias por construir.
Sigamos trabajando juntos por una Argentina donde nadie viva en un piso de tierra.

#EmpresasConImpacto #ConstruirFuturo #RSE ";2025-06-24 09:47;"https://www.linkedin.com/feed/update/urn:li:ugcPost:7343258582559121408";22;1;477;2;1365;"36.78";;;;"document"
"Durante mÃ¡s de un mes nos propusimos llegar a mÃ¡s personas que nos acompaÃ±en a cumplir nuestro objetivo de este aÃ±o: construir 1.000 viviendas en barrios populares de Argentina. 

Como todo nuestro trabajo, esta campaÃ±a se hizo de manera colaborativa con los colegios secundarios que sumaron a construir viviendas de emergencia â¬‡ï¸

Gracias a toda la comunidad educativa de:
ğŸ’™ @Secundaria Los MÃ©danos 
ğŸ’™ @IES Abroad 
ğŸ’™ @Colegio Santa Teresa de JesÃºs - Palermo

Y gracias a @Chiara Prioletta por acompaÃ±ar a cada una de las instituciones.

Si vos querÃ©s sumarte a esta transformaciÃ³n podes hacerte socio/a en https://lnkd.in/djhy5VKV 

#equipoTECHO #recaudaciondefondos #secundarios";2025-06-19 17:24;"https://www.linkedin.com/feed/update/urn:li:share:7341561526186602497";19;0;16;2;930;"3.98";;;;"image"
"En TECHO creemos que la confianza se construye con acciones concretas. Por eso, agradecemos especialmente a @Brink's Argentina por ser un aliado clave en nuestra campaÃ±a de recaudaciÃ³n 2025.

Su compromiso fue fundamental para garantizar la logÃ­stica y transparencia en el manejo de los recursos, haciendo posible que cada aporte llegue a donde mÃ¡s se necesita.

ğŸ’™Gracias por ser parte de esta red que construye soluciones reales frente a la emergencia habitacional. Porque cuando sumamos capacidades, el impacto es mucho mayor.

#campaÃ±aderecaudaciÃ³n #donaciones #brinks #TECHO";2025-06-19 13:05;"https://www.linkedin.com/feed/update/urn:li:ugcPost:7341496289265618944";15;0;38;2;866;"6.35";982;848;10;"video"
"En @TECHO \| TETO creemos en el poder de la articulaciÃ³n: cuando el sector privado, la sociedad civil y las comunidades trabajan en conjunto, se generan cambios reales y sostenibles. 

ğŸ«±ğŸ¼â€ğŸ«²ğŸ½ Por eso impulsamos el voluntariado corporativo como una herramienta para conectar a las empresas con el propÃ³sito social y la transformaciÃ³n territorial. 

â¡ï¸ Si querÃ©s que tu empresa tambiÃ©n sea parte del cambio, te invitamos a sumarte completando este formulario: https://lnkd.in/e6ER_F3X

â¡ï¸ Si ya participaste de esta experiencia contanos en comentarios ğŸ’¬";2025-06-12 08:54;"https://www.linkedin.com/feed/update/urn:li:ugcPost:7338896497318531072";24;0;398;4;1888;"22.56";;;;"document"
"ğŸ“¢ Nos sumamos aÂ @Smart City Expo Santiago del EsteroÂ como instituciÃ³n colaboradora

Los prÃ³ximosÂ 25 y 26 de junio, Santiago del Estero serÃ¡ nuevamente sede de un evento clave sobre innovaciÃ³n urbana. Un espacio que reÃºne a lÃ­deres de gobiernos, organizaciones sociales, instituciones acadÃ©micas y empresas para repensar el futuro de nuestras ciudades.

DesdeÂ @TECHO - ArgentinaÂ nos sumamos para difundir y potenciar este nodo de encuentro, convencidos de que solo con mÃ¡s diÃ¡logo, colaboraciÃ³n y participaciÃ³n activa lograremos ciudades verdaderamente inclusivas, sostenibles y centradas en las personas.

Celebramos esta oportunidad de ser parte del impulso colectivo hacia un paÃ­s mÃ¡s justo, donde nadie viva sobre un piso de tierra.

#SmartCityExpoSDE #CiudadesParaTodos #InnovaciÃ³nSocial #DesarrolloUrbano #TECHO #ColaboraciÃ³n #SociedadCivil";2025-06-11 13:16;"https://www.linkedin.com/feed/update/urn:li:share:7338599951138013185";16;0;15;1;916;"3.49";;;;"image"
"Celebramos el encuentro del #RetailDay2025 ğŸ«±ğŸ¼â€ğŸ«²ğŸ½

Fuimos parte de una emocionante ediciÃ³n del #RetailDay â€“ @WebRETAIL, junto a @Desarrollo Rizoma, en el evento mÃ¡s importante del sector retail en la regiÃ³n. 

ğŸ’™ Queremos agradecer a @Desarrollo Rizoma por garantizarnos un espacio en este encuentro, que nos permitiÃ³ seguir generando alianzas para lograr un cambio real en los barrios donde trabajamos.

â¡ï¸ Durante la jornada, compartimos nuestro trabajo de mÃ¡s de 20 aÃ±os en los barrios populares de Argentina, donde soÃ±amos con que nadie viva sobre un piso de tierra. Pudimos conversar con marcas, sumar aliados y fortalecer nuestras redes para transformar realidades.

Gracias a todos los que nos acompaÃ±aron y a quienes se acercaron a nuestro stand. 

Si queres que tu empresa tambiÃ©n sea parte del cambio, te invitamos a sumarte completando este formulario: https://lnkd.in/e6ER_F3X
O envÃ­anos un ğŸ“§ mail a empresas.argentina@techo.org. 

@Luciana Santos @Ariana Dirazar @Luz Romo @Laura GarzÃ³n DÃ­az
#RetailDay #ImpactoSocial #RSE #RecaudaciÃ³nDeFondos #FaceToFace #Techo #Rizoma";2025-05-13 10:58;"https://www.linkedin.com/feed/update/urn:li:share:7328055968934637568";7;1;13;3;1414;"1.7";;;;"article"
"ğŸª MaÃ±ana estaremos en una nueva ediciÃ³n del #RetailDay â€“ @WebRETAIL, junto a @Desarrollo Rizoma, participando del evento mÃ¡s importante del sector retail en la regiÃ³n.

ğŸ“EncontrÃ¡ nuestro stand en el @Centro de Convenciones Buenos Aires, donde vamos a compartir el trabajo que realizamos hace mÃ¡s de 20 aÃ±os en los barrios populares de Argentina, con el sueÃ±o de que nadie viva sobre un piso de tierra.

ğŸ’¬ Vamos a estar conversando con marcas, sumando aliados y construyendo redes para transformar realidades.

ğŸ‘‰  Â¿Vas a estar ahÃ­? Contanos en los comentarios asÃ­ nos encontramos.

#TECHOArgentina #RetailDay ";2025-05-06 14:30;"https://www.linkedin.com/feed/update/urn:li:share:7325567105020358656";26;0;53;3;1168;"7.02";;;;"image"
"Â¿Por quÃ© donar a TECHO? ConocÃ© a Cristian ğŸ’™ para entender el valor de una vivienda digna. 

Su historia es una de las tantas que queremos multiplicar y para eso necesitamos tu apoyo.

EntrÃ¡ a https://lnkd.in/djhy5VKV para sumarte con tu donaciÃ³n mensual ğŸ¡";2025-04-30 09:18;"https://www.linkedin.com/feed/update/urn:li:ugcPost:7323319569748508672";21;0;27;3;1089;"4.68";376;326;11;"video"
"Â¿TodavÃ­a no te sumaste a #BuenosAiresRun? â¬‡ï¸

Este 11 de mayo podes sumar kilÃ³metros y correr por una causa enorme:
que ninguna familia mÃ¡s viva sobre un piso de tierra.

AdemÃ¡s, si te sumas a nuestra comunidad de socios y socias tenÃ©s un descuento para la inscripciÃ³n. Asociate a nuestra comunidad https://lnkd.in/dbHVJFK5 ğŸ’™ğŸ¡ğŸ«±ğŸ¼â€ğŸ«²ğŸ½";2025-04-29 15:45;"https://www.linkedin.com/feed/update/urn:li:ugcPost:7323054958642130944";0;0;0;0;67;"0";;;;"text"
"Seguimos trabajando para fortalecer nuestra comunidad ğŸ’™

ğŸ«±ğŸ¼â€ğŸ«²ğŸ½ Cuando hablamos de comunidad no solo pensamos en los vecinos y vecinas de los barrios donde trabajamos, de los voluntarios y voluntarias que participan de cada actividad, sino tambiÃ©n de todos aquellos actores con los que construimos alianzas para hacer sostenible nuestro trabajo.

ğŸ¥³ Hoy celebramos ser parte de @Comunidad Club Triple Impacto, que nos garantiza el acceso a @Bonda, una comunidad de beneficios para todos aquellos que son socios y socias de @TECHO - Argentina, aportando una donaciÃ³n mensual.

Con tu donaciÃ³n, tambiÃ©n estÃ¡s construyendo todos los dÃ­as ğŸ’™
Asociate a TECHO en este link https://lnkd.in/dH24TxST y ayudanos a construir la Argentina que queremos.

#TECHO #Vivienda #SociosTECHO #ComunidadTECHO";2025-04-23 12:43;"https://www.linkedin.com/feed/update/urn:li:share:7320834644214530049";16;3;92;4;2792;"4.12";;;;"article"
"Hola red, si respondiste esta encuesta tenemos un mensaje para vos!

1ï¸âƒ£Si ya participaste podes compartir nuestra red para que mÃ¡s personas se sumen â¡ï¸ https://lnkd.in/dV3MFvjq

2ï¸âƒ£Si te gustarÃ­a sumarte, tenemos distintas modalidades:
ğŸ’¼Con tu equipo de trabajo https://lnkd.in/dTQr4qw4 
ğŸ“–Con un colegio secundario https://lnkd.in/eFzrqB4r
ğŸ‘¨â€ğŸ‘©â€ğŸ‘§â€ğŸ‘¦Con tu familia/amigos https://lnkd.in/dRNTXkRS

3ï¸âƒ£Si sentis que no tenes tiempo pero aÃºn asÃ­ querÃ©s ser parte, podes asociarte y sumar tu donaciÃ³n mensual â¡ï¸ https://lnkd.in/def77EFa";2025-04-16 16:46;"https://www.linkedin.com/feed/update/urn:li:ugcPost:7318359055310192641";0;0;14;1;460;"3.26";;;;"text"
"ğŸ’™ Si trabajÃ¡s en un colegio o conocÃ©s a alguien que pueda estar interesado en vivir esta experiencia con sus estudiantes completa/compartÃ­ este formulario â¡ï¸https://lnkd.in/eFzrqB4r";2025-04-14 09:42;"https://www.linkedin.com/feed/update/urn:li:ugcPost:7317527738553098242";7;0;22;2;425;"7.29";;;;"text"
"Hola red, charlemos un rato ğŸ‘‹ğŸ¼

Queremos saber que tiempo le dedicamos a formar parte de otras experiencias como el voluntariado ğŸ«±ğŸ¼â€ğŸ«²ğŸ½

#voluntariado #voluntarios ";2025-04-10 08:39;"https://www.linkedin.com/feed/update/urn:li:ugcPost:7316062169765175297";8;0;201;1;4511;"4.66";;;;"poll"
"";2025-04-09 10:01;"https://www.linkedin.com/feed/update/urn:li:ugcPost:7315720604769263616";32;2;47;6;2213;"3.93";;;;
"Un evento con impacto social ğŸƒğŸ¼â€â™€ï¸ Â¡Llega la carrera UE Buenos Aires Run! ğŸ‰

En su ediciÃ³n 2025,Â parte de lo recaudado se destinarÃ¡ a  @TECHO - Argentina,Â que tambiÃ©n participarÃ¡ activamente en las actividades del evento. A travÃ©s de propuestas interactivas, las familias podrÃ¡n conocer mÃ¡s sobre la importancia de la solidaridad y el impacto del trabajo colaborativo.

Â¡Nos vemos ahÃ­! ğŸ¡ğŸ’™ğŸ«±ğŸ¼â€ğŸ«²ğŸ½";2025-04-08 12:57;"https://www.linkedin.com/feed/update/urn:li:ugcPost:7315402495676039168";11;0;17;5;893;"3.7";;;;
"#Novedades para toda la comunidad educativa ğŸ“£ğŸ‘‡ğŸ¼

Los invitamos a participar del voluntariado para colegios secundarios, porque creemos en la importancia de aprender haciendo, en el trabajo colaborativo y el aprendizaje constante. 

ğŸ¡ Por eso motivamos el espacio de construcciÃ³n como un encuentro multidisciplinario para seguir construyendo en comunidad.

ğŸ“© Para mÃ¡s informaciÃ³n escribinos a secundarios.argentina@techo.org 

#construcciÃ³n #secundarios #egresados #aprendizaje #docentes";2025-04-08 11:59;"https://www.linkedin.com/feed/update/urn:li:ugcPost:7315387757634191360";21;0;647;5;2447;"27.5";;;;"document"
"Buenas noticias ğŸ¥³ Este fin de semana vamos a estar presentes en @Bioferia compartiendo toda la informaciÃ³n de @TECHO - Argentina para quien quiera sumarse a nuestra gran comunidad. Â¡Nos vemos ahÃ­! ğŸ’ªğŸ’š";2025-04-03 09:13;"https://www.linkedin.com/feed/update/urn:li:share:7313534196306579457";8;0;17;0;1050;"2.38";;;;"text"
"Gracias @Softys y @Elite Professional Argentina por acompaÃ±arnos en la construcciÃ³n de 12 viviendas en #ZÃ¡rate ğŸ¡ 

Hoy 12 familias tienen acceso a una vivienda digna y segura gracias a este trabajo en conjunto ğŸ’™ğŸ«±ğŸ¼â€ğŸ«²ğŸ½";2025-03-31 10:11;"https://www.linkedin.com/feed/update/urn:li:share:7312461475585925122";4;0;19;0;622;"3.7";;;;"text"
"Felicitaciones @Grupo Bimbo y equipo por sus logros y gracias por seguir acompaÃ±ando nuestros proyectos comunitarios en barrios populares ğŸ«±ğŸ¼â€ğŸ«²ğŸ½";2025-03-31 10:07;"https://www.linkedin.com/feed/update/urn:li:ugcPost:7312460445808787458";8;0;32;0;476;"8.4";;;;"text"
"ğŸ“¢ Â¡Ãšltimos dÃ­as para postular!

Buscamos Director/a de InnovaciÃ³n en Desarrollo de Recursos para TECHO - Argentina ğŸ¡

Si querÃ©s ser parte del desafÃ­o de construir un modelo de financiamiento innovador y sostenible para que ninguna familia viva sobre un piso de tierra, esta oportunidad es para vos.

Postulate acÃ¡: https://lnkd.in/dzj3gBn6";2025-03-28 10:39;"https://www.linkedin.com/feed/update/urn:li:share:7311381515085451264";22;0;213;4;3832;"6.24";;;;"text"
"ğŸŸ¢ Buscamos Director/a de InnovaciÃ³n en Desarrollo de Recursos para @TECHO - Argentina ğŸ¡

En TECHO llevamos 20 aÃ±os movilizando juventudes en asentamientos para que ninguna familia viva sobre un piso de tierra. Ahora, queremos dar un paso mÃ¡s: construir un modelo de financiamiento innovador, sostenible y de impacto.

Si tenÃ©s experiencia en inversiÃ³n social, desarrollo de recursos o modelos de financiamiento hÃ­bridos, esta oportunidad es para vos. 

Â Tu misiÃ³n:
Â - Desarrollar grandes donantes (individuos, fundaciones y empresas).
Â - Crear alianzas estratÃ©gicas con valor agregado.
Â - Innovar en modelos de financiamiento para la sostenibilidad de TECHO.
Â 
Postulaciones abiertas hasta el 31 de marzo de 2025.
Consultas:Â oportunidades.moray@gmail.com

Postulate acÃ¡: https://lnkd.in/dzj3gBn6

#InnovaciÃ³nSocial #Impacto #Financiamiento #TECHO #OportunidadLaboral";2025-03-19 13:34;"https://www.linkedin.com/feed/update/urn:li:share:7308163937164759041";61;3;393;10;8197;"5.7";;;;"text"
"Buscamos Director/a de InnovaciÃ³n en Desarrollo de Recursos ğŸ¡ğŸ’ª

En TECHO llevamos 20 aÃ±os movilizando juventudes en asentamientos para que ninguna familia viva sobre un piso de tierra. Ahora, queremos dar un paso mÃ¡s: construir un modelo de financiamiento innovador, sostenible y de impacto.

ğŸ’™ Si tenÃ©s experiencia en inversiÃ³n social, desarrollo de recursos o modelos de financiamiento hÃ­bridos, esta oportunidad es para vos. 

#InnovaciÃ³nSocial #Impacto #Financiamiento #TECHO #OportunidadLaboral
";2025-03-19 13:31;"https://www.linkedin.com/feed/update/urn:li:share:7308163313140469761";30;0;192;2;3654;"6.13";;;;
"Buscamos #empresas que se sumen a nuestro #voluntariadocorporativo ğŸ’ª

En 2024 nos pusimos como objetivo llegar a construir 1.001 viviendas para lograr que 1.001 familias dejen de vivir en un piso de tierra.

ğŸ¡ Este aÃ±o queremos volver a cumplir este objetivo y para eso necesitamos trabajar en conjunto. Podes sumarte con tu empresa a financiar una vivienda y realizar un voluntariado corporativo para construirla juntos.  

Si te interesa ser parte lee mÃ¡s info â¬‡ï¸ o escribinos por privado!";2025-03-18 11:53;"https://www.linkedin.com/feed/update/urn:li:ugcPost:7307776149160357888";57;2;62;6;2982;"4.26";;;;
"Este #8M decimos fuerte y claro: violencia es vivir en barrios populares sin acceso a servicios bÃ¡sicos. Violencia es que las mujeres sean las mÃ¡s afectadas por la falta de vivienda digna, el trabajo de cuidado y comunitario no remunerado, la crisis climÃ¡tica y la violencia de gÃ©nero.

En TECHO, somos muchas las mujeres que movemos esta organizaciÃ³n: trabajadoras, voluntarias y vecinas que todos los dÃ­as transformamos realidades. Y sabemos que esas desigualdades nos atraviesan y nos duelen el doble.

Por eso, hoy y siempre, soÃ±amos y accionamos para lograr ciudades justas y libres de violencias. Porque construir un barrio digno, tambiÃ©n es construir un presente sin violencia de gÃ©nero.

#8M ##DiaInternacionalDeLaMujer #IgualdadDeGenero";2025-03-08 12:05;"https://www.linkedin.com/feed/update/urn:li:ugcPost:7304155303745363968";69;0;620;12;3772;"18.58";;;;"document"
"ğŸ“¢ Mujeres en barrios populares: las que sostienen la vida, la economÃ­a y la comunidad

En los 6.467 barrios populares de #Argentina, las mujeres lideran la organizaciÃ³n comunitaria: sostienen hogares, gestionan comedores y crean redes de cuidado. Sin embargo, siguen siendo las mÃ¡s afectadas por la falta de vivienda digna, empleo y servicios esenciales.

En este #8M, nuestra Directora de Operaciones, @Gisella Gazzotti, reflexiona sobre el rol fundamental de las mujeres en los barrios populares y la urgencia de reconocer y redistribuir estas responsabilidades. El 85% del trabajo sociocomunitario en comedores lo realizan mujeres sin derechos laborales, y segÃºn la CEPAL, el trabajo de cuidados no remunerado equivale al 21,4% del PIB en AmÃ©rica Latina.

ğŸ’œ LeÃ© la columna completa acÃ¡ ğŸ‘‰ https://lnkd.in/duJBzFck 

#8M #DÃ­aInternacionalDeLaMujer #IgualdadDeGÃ©nero
";2025-03-08 11:55;"https://www.linkedin.com/feed/update/urn:li:share:7304152684616466433";57;0;34;7;1719;"5.7";;;;"image"
"Buscamos personal (#hiring) para el cargo de Responsable de Informacion y Tecnologia en Greater Buenos Aires. Solicita hoy el empleo o comparte esta publicaciÃ³n con tu red.";2025-02-21 09:25;"https://www.linkedin.com/feed/update/urn:li:share:7298679279565824001";23;0;210;9;3657;"6.62";;;;
"Todos nuestros proyectos se construyen en conjunto ğŸ› ï¸ğŸ’ªğŸ’™

En diciembre estuvimos presentes en un evento muy grande para las juventudes, el #BSASTRAP ğŸ¤ gracias al espacio que nos brindÃ³ @Dale Play que nos permitiÃ³ llegar a que mÃ¡s personas conozcan nuestro trabajo.

Agradecemos a todos los que colaboraron en hacer realidad este proyecto, dedicando tiempo, materiales y realizando el montaje de una vivienda sustentable:

- Materiales: Placas Fagua Audax
- IngenierÃ­a y montaje: PANELFRAME
- Desarrollo: @Desisco +B ğŸ“© info@desiscomasb.com
- Letras corpÃ³reas: @PRINTECO Servicios GrÃ¡ficos


Gracias a @Rodrigo Ballester y a @Juan Manuel SimÃ³n por la gestiÃ³n y organizaciÃ³n para materializar esta vivienda en tiempo rÃ©cord, y a @Luciana Grosman por el desarrollo creativo de la intervenciÃ³n.

Este proyecto nos permitiÃ³ articular con el sector privado para desarrollar soluciones con triple impacto, impulsando nuestra evoluciÃ³n como organizaciÃ³n y fortaleciendo nuestro compromiso con un futuro sostenible.";2025-02-13 13:19;"https://www.linkedin.com/feed/update/urn:li:ugcPost:7295838882116386816";42;2;151;0;1886;"10.34";;;;"multiimage"
"Buscamos personal (#hiring) para el cargo de Lider de equipo de captaciÃ³n de fondos en vÃ­a pÃºblica en Greater Buenos Aires. Solicita hoy el empleo o comparte esta publicaciÃ³n con tu red.";2025-01-23 09:41;"https://www.linkedin.com/feed/update/urn:li:share:7288174073405190144";8;0;76;1;2044;"4.16";;;;
"Arrancamos el 2025 con nuevos desafÃ­os y vos podes ser parte ğŸ’ª

Si querÃ©s sumarte a nuestro equipo de trabajo Â¡esta es tu oportunidad! 

PodÃ©s ver las bÃºsquedas abiertas acÃ¡ https://lnkd.in/dSKTgB3Y

#hiring #busquedasabiertas #busquedalaboral #rrhh 
";2025-01-17 08:55;"https://www.linkedin.com/feed/update/urn:li:share:7285988011069083648";51;1;1493;7;13687;"11.34";;;;"article"
"Buscamos personal (#hiring) para el cargo de Freelancers - Proyecto de FidelizaciÃ³n en Argentina. Solicita hoy el empleo o comparte esta publicaciÃ³n con tu red.";2025-01-14 09:49;"https://www.linkedin.com/feed/update/urn:li:share:7284914615702990850";11;0;305;2;2775;"11.46";;;;
"#OportunidadLaboral ğŸŸ¢

Â¡Arrancamos el 2025 ampliando nuestro equipo! 
MirÃ¡ las bÃºsquedas activas y aplicÃ¡ en el link correspondiente ğŸ‘‡ğŸ¼

â¡ï¸CoordinaciÃ³n Social Proyecto de InnovaciÃ³n de la Vivienda
https://lnkd.in/dNFvabSx
â¡ï¸CoordinaciÃ³n TÃ©cnica Proyecto de InnovaciÃ³n de la Vivienda
https://lnkd.in/dKqSHK4M
â¡ï¸Ejecutivo/a de Cuentas Nacional Jr https://lnkd.in/dPucUgSr
â¡ï¸CoordinaciÃ³n de DiÃ¡logo Directo https://lnkd.in/dZjNEbFG

#empleo #rrhh ";2025-01-07 11:23;"https://www.linkedin.com/feed/update/urn:li:share:7282401515569336320";169;16;2656;14;21302;"13.4";;;;"image"
"Te estamos buscando ğŸ’™ Â¡Sumate a nuestro equipo!

ConocÃ© mÃ¡s sobre el perfil y postulÃ¡ acÃ¡ ğŸ‘‰ https://lnkd.in/d2JzR8R8";2025-01-07 10:06;"https://www.linkedin.com/feed/update/urn:li:share:7282382050349735938";22;0;343;0;5284;"6.91";;;;"text"
"Cada aÃ±o, desde TECHO publicamos un informe que analiza los principales desafÃ­os en el acceso a la vivienda y al hÃ¡bitat en los barrios populares de Argentina, mostrando cÃ³mo esta situaciÃ³n afecta la vida de millones de personas. 

Nuestro anÃ¡lisis contempla tres factores clave: 
1ï¸âƒ£La polÃ­tica macroeconÃ³mica enfocada en reducir la inflaciÃ³n y eliminar el dÃ©ficit fiscal. 
2ï¸âƒ£La necesidad de financiamiento para la polÃ­tica de integraciÃ³n social y urbana. 
3ï¸âƒ£La dimensiÃ³n estructural e histÃ³rica de la pobreza en Argentina.

Creemos que este anÃ¡lisis es necesario para reflexionar sobre quÃ© acciones queremos trabajar para el 2025 y poder construir un futuro donde nadie viva en un piso de tierra. 

#hÃ¡bitat #vivienda #barriospopulares #gestiÃ³n";2024-12-23 15:31;"https://www.linkedin.com/feed/update/urn:li:ugcPost:7277027953115357185";68;2;1173;7;3303;"37.84";;;;"document"
"QUEREMOS CONSTRUIR 1.001 VIVIENDAS

Este aÃ±o nos propusimos construir 1.001 viviendas, con el desafÃ­o de que 1.001 familias dejen de vivir sobre un piso de tierra y terminen el 2024 bajo un techo seguro.

Gracias a todas las empresas que nos acompaÃ±aron, nuestros socios y socias y a todo el equipo de voluntariado hoy llegamos construir a 960 viviendasÂ ğŸ™ŒğŸ¼

TodavÃ­a estÃ¡s a tiempo de sumarte para que logremos el objetivo, donÃ¡ enÂ https://lnkd.in/eUV266zB";2024-12-18 13:27;"https://www.linkedin.com/feed/update/urn:li:share:7275184825584476160";54;1;47;4;1337;"7.93";;;;"image"
"Gracias a todo el equipo de @Grupo Bimbo por sumarse a este proyecto y seguir construyendo nuevos espacios comunitarios para los vecinos ğŸ˜ï¸

Â¡Juntos hacemos la diferencia! #Bimbo #TECHO ";2024-12-18 08:59;"https://www.linkedin.com/feed/update/urn:li:ugcPost:7275117450789072896";13;0;47;1;669;"9.12";;;;"text"
"Â¡Gracias a todo el equipo de @Microsoft por sumarse a construir! ğŸ’™ğŸ˜ï¸";2024-12-18 08:51;"https://www.linkedin.com/feed/update/urn:li:ugcPost:7275115579496161280";7;0;49;0;451;"12.42";;;;"text"
"Durante 1 semana, mÃ¡s de 1.400 personas, entre familias de los barrios, voluntariado de 12 provincias y la comunidad local, nos movilizamos para construir 131 viviendas en Concordia, Entre RÃ­os.

Hoy 131 familias tienen un techo donde vivir, con baÃ±o y conexiÃ³n elÃ©ctrica segura ğŸ’™

Durante los Ãºltimos meses trabajamos junto al Gobierno de Entre RÃ­os, a travÃ©s de un convenio de colaboraciÃ³n con la Municipalidad de Concordia y el INVYTAM para llevar adelante este proyecto.

Gracias a todos los que fueron parte: desde voluntarios/as, vecinos/as, cooperativas y proveedores locales, hasta el gran equipo de @TECHO - Argentina detrÃ¡s de toda esta gran logÃ­stica.

Seguiremos trabajando para lograr una Argentina donde nadie viva en un piso de tierra ğŸ˜ï¸ğŸ’™";2024-12-06 10:57;"https://www.linkedin.com/feed/update/urn:li:share:7270798494557163520";13;2;14;2;943;"3.29";;;;"article"
"Gracias @Hertz Argentina por sumarse a este gran hito ğŸš—ğŸ’™ Su apoyo nos permite llegar a Concordia para seguir construyendo futuro junto a 130 familias de Entre RÃ­os.

 #ConstrucciÃ³nTECHO #EntreRÃ­os";2024-11-15 19:35;"https://www.linkedin.com/feed/update/urn:li:ugcPost:7263318803806109696";1;0;10;0;338;"3.25";;;;"text"
"#OportunidadLaboral | Continuamos con la bÃºsqueda de la prÃ³xima DirecciÃ³n Nacional de Desarrollo de Fondos ğŸ¯

Queremos transformar la realidad de miles de familias que viven en emergencia habitacional en barrios populares. Para lograrlo, estamos buscando a una persona dispuesta a generar, innovar y liderar estrategias de recaudaciÃ³n de fondos con grandes y pequeÃ±os donantes ğŸš€.

Si sos o conoces a una persona que disfrute de generar relaciones institucionales, con capacidad analÃ­tica, estratÃ©gica y con ganas de crear e innovar para impactar en la realidad en la que viven millones de personas en Argentina, estÃ¡ es tu/la oportunidad. â¤ï¸â€ğŸ”¥

Postula o invita a esa persona a postular en el siguiente link o etiquetÃ¡ndola en esta publicaciÃ³n ğŸ‘‰ https://lnkd.in/d3-WtQWJ

Â¡Te estamos esperando!

@Maximiliano MuÃ±oz";2024-11-13 09:34;"https://www.linkedin.com/feed/update/urn:li:share:7262442792092659712";52;0;380;4;6459;"6.75";;;;"article"
"Entre tanto debate sobre la #InteligenciaArtificial ğŸ¤– nos juntamos con la @FundaciÃ³n Bunge y Born para pensar en cÃ³mo usarla a nuestro favor.

Actualmente nos encontramos en bÃºsqueda de aliados para financiar y potenciar esta propuesta. Si trabajas o tenÃ©s contacto con alguna organizaciÃ³n o empresa que tenga interÃ©s en ser parte, escribinos aÂ cis.argentina@techo.org ğŸ“‹

@MarÃ­a LucÃ­a Groos";2024-11-07 16:42;"https://www.linkedin.com/feed/update/urn:li:ugcPost:7260375875961978880";44;3;134;6;2022;"9.25";1361;1014;13;"video"
"Te estamos buscando (#hiring) ğŸ’™ğŸ ğŸ«±ğŸ¼â€ğŸ«²ğŸ½ Si te motiva generar alianzas y red entre distintos actores, este puesto es para vos!

#BÃºsquedaActiva @Maximiliano MuÃ±oz";2024-11-07 09:50;"https://www.linkedin.com/feed/update/urn:li:share:7260272465958895616";39;1;290;3;4406;"7.56";;;;
"#busquedaactiva 

Queremos desarrollar un prototipo de vivienda definitiva que responda a la emergencia habitacional y para esto necesitamos aliados! ğŸ«±ğŸ¼â€ğŸ«²ğŸ½";2024-11-06 12:28;"https://www.linkedin.com/feed/update/urn:li:share:7259949678119542785";30;0;154;4;3538;"5.31";;;;"text"
"DISEÃ‘EMOS UNA VIVIENDA JUNTOS ğŸ«±ğŸ¼â€ğŸ«²ğŸ½ğŸ§ ğŸ 

Queremos desarrollar una soluciÃ³n de vivienda que responda a la emergencia habitacional en barrios populares, sea de bajo costo y progresable hacia una vivienda definitiva, y para esto necesitamos aliados! ğŸ«±ğŸ¼â€ğŸ«²ğŸ½

Te invitamos a ser parte de este proceso aportando conocimientos, experiencia e interÃ©s! Dejanos tu contacto para acercarte mÃ¡s informaciÃ³n â¡ï¸ https://lnkd.in/d8VamupB 

#Arquitectura #DiseÃ±o #InnovaciÃ³n @MarÃ­a LucÃ­a Groos";2024-10-25 10:06;"https://www.linkedin.com/feed/update/urn:li:ugcPost:7255565199221399552";83;8;323;9;3721;"11.37";1475;1183;13;"video"
"Gracias @Maximiliano por hacer de este equipo un espacio de encuentro, crecimiento y aprendizaje constante. 

Sin dudas seguiremos llevando adelante todo lo construido en estos 10 aÃ±os juntos ğŸ’™ Â¡Gracias totales! ";2024-10-22 09:59;"https://www.linkedin.com/feed/update/urn:li:share:7254476541236039680";21;1;63;0;1828;"4.65";;;;"text"
"Hola #red Â¿y si salimos de la virtualidad? Hoy nos encontramos acÃ¡ ğŸ‘‡";2024-10-22 09:37;"https://www.linkedin.com/feed/update/urn:li:share:7254470811690946560";7;0;15;1;599;"3.84";;;;"text"
"Desde hace mucho tiempo, Andre nos acompaÃ±a y asesora a travÃ©s de @DimensiÃ³n Humana Consultora. Su apoyo en el desarrollo de liderazgo y trabajo en equipo ha sido clave para fortalecer nuestra organizaciÃ³n y llevar nuestra misiÃ³n aÃºn mÃ¡s lejos.

El impacto que buscamos en cada barrio popular requiere no solo recursos y voluntades, sino tambiÃ©n equipos sÃ³lidos, capaces de adaptarse y liderar con empatÃ­a y visiÃ³n. 

@Andrea Frascaroli  ha sido una pieza fundamental en este rumbo, caminando a la par del equipo con el objetivo de seguir transformando realidades.

Gracias, Andre, por tu compromiso y por compartir con nosotros tu experiencia y conocimiento.

Recomendamos su Ãºltimo lanzamiento para quien estÃ© en bÃºsqueda de herramientas de liderazgo â¬‡ï¸

#DimensiÃ³nHumana #LiderazgoConImpacto #TransformaciÃ³nSocial";2024-10-18 19:39;"https://www.linkedin.com/feed/update/urn:li:ugcPost:7253172930287730689";7;1;37;0;585;"7.69";;;;"text"
"#BÃºsquedaAbierta ğŸŸ¢ para las Direcciones Generales de nuestras sedes #CorrientesChaco #LaPlata #Mendoza y #Salta ğŸ”œ 

Â¡Sumate a este gran equipo! ğŸ’™";2024-10-18 11:12;"https://www.linkedin.com/feed/update/urn:li:share:7253045307792384000";10;0;56;0;1833;"3.6";;;;"text"
"A 6 aÃ±os de la sanciÃ³n de la Ley 27.453 de IntegraciÃ³n Socio Urbana, organizamos junto a @CÃ¡ritas Argentina y @Fundar el panel ""PolÃ­ticas que trascienden, polÃ­ticas que transforman"", un espacio de reflexiÃ³n en la @Pontificia Universidad CatÃ³lica Argentina (UCA).

El encuentro reuniÃ³ a figuras como Elisa CarriÃ³, Jorge GarcÃ­a Cuerva, Fernanda MiÃ±o y SebastiÃ¡n Welisiejko, quienes reflexionaron sobre una polÃ­tica que ha trascendido gobiernos y transformado la vida de miles de familias en barrios populares, generando acceso a servicios bÃ¡sicos y mejorando sus condiciones de vida.

Creemos firmemente en la potencia de encontrarnos entre distintos con un objetivo comÃºn: promover la integraciÃ³n socio urbana como camino para abordar la pobreza estructural en Argentina.

@Juan Maquieyra @MarÃ­a Migliore @SebastiÃ¡n Welisiejko";2024-10-16 11:56;"https://www.linkedin.com/feed/update/urn:li:ugcPost:7252331466074767360";92;0;426;2;2963;"17.55";;;;"multiimage"
"Gracias a todo el equipo de @Schneider Electric por sumarse a construir el paÃ­s que queremos ğŸ™Œ";2024-10-15 16:24;"https://www.linkedin.com/feed/update/urn:li:ugcPost:7252036745397948417";25;0;40;0;685;"9.49";;;;"text"
"Gracias @Balmoral College por acompaÃ±arnos todos estos aÃ±os y seguir potenciando este espacio de encuentro para las juventudes ğŸ™Œ ";2024-10-15 13:16;"https://www.linkedin.com/feed/update/urn:li:ugcPost:7251989332108996608";7;0;20;0;551;"4.9";;;;"text"
"Queremos ser parte de tu planificaciÃ³n del 2025 ğŸ’ª

La #ConstrucciÃ³n con #Empresas es una oportunidad de voluntariado corporativo para participar de la construcciÃ³n de una vivienda de emergencia, junto a una familia que hoy vive en situaciÃ³n de extrema pobreza.

Creemos en el poder del hacer en equipo, sumate con el tuyoğŸ’™

â¡ï¸ MÃ¡s informaciÃ³n en bit.ly/TECHO_empresas

#teambuilding #teamwork #creativity #collaboration #efficiency #communication #goals #success #empresas #argentina #voluntariado";2024-10-09 10:43;"https://www.linkedin.com/feed/update/urn:li:share:7249776509777788929";34;0;46;7;2203;"3.95";;;;"image"
"ğŸŒ Hoy es el #DÃ­aMundialDelHÃ¡bitat , y desde TECHO - Argentina reafirmamos nuestro compromiso con la construcciÃ³n de un futuro urbano mejor para todas las personas. Este aÃ±o, la agenda de #OctubreUrbano nos recuerda la importancia de que las juventudes sean protagonistas y sabemos que, para eso, necesitamos sumar esfuerzos.

ğŸ  En Argentina, 1 de cada 3 personas no cuenta con una vivienda adecuada. Millones de familias viven en condiciones de hacinamiento, inseguridad y precariedad, y 13 millones no tienen seguridad sobre la tenencia de sus viviendas, lo que los deja en una situaciÃ³n de extrema vulnerabilidad. AdemÃ¡s, 7 de cada 10 barrios populares enfrentan graves riesgos ambientales, como basurales cercanos o acceso a agua contaminada. Es una realidad urgente que se agrava cuando el 52,9% de la poblaciÃ³n vive bajo la lÃ­nea de pobreza.

ğŸ¤ Por eso, este mes, @TECHO - Argentina, @HÃ¡bitat para la Humanidad Argentina, @FundaciÃ³n Vivienda Digna, @MÃ³dulo Sanitario y @Mujeres 2000 nos unimos para visibilizar la problemÃ¡tica habitacional y hacer un llamado urgente a la acciÃ³n. Porque sabemos que trabajar en red es clave para generar impacto y que la Ãºnica forma de avanzar hacia un paÃ­s mÃ¡s justo es trabajando juntos: el sector pÃºblico, el privado y la sociedad civil.

Te invitamos a conocer mÃ¡s sobre esta campaÃ±a conjunta y a ser parte del cambio. Cada acciÃ³n suma, porque el acceso a una vivienda adecuada es un derecho humano fundamental.

ğŸ”— https://lnkd.in/dmunCmSr 

Sumate con el hashtag #MesDelHÃ¡bitat y ayudanos a poner este tema en el centro del debate pÃºblico. ğŸ’¬âœŠ

@ONU-HABITAT Argentina";2024-10-07 18:21;"https://www.linkedin.com/feed/update/urn:li:ugcPost:7249166995596754944";45;0;111;6;1700;"9.53";;;;"multiimage"
"Cada vez mÃ¡s cerca del objetivoğŸ’ª 
Este aÃ±o nos propusimos construir 1001 #viviendas, y este mes llegamos a las 545 ğŸ™ŒğŸ˜ï¸

Gracias al apoyo y compromiso de las #empresas que se sumaron a construir con sus equipos para transformar esta realidad.

@Lacoste | SP Global | @DHL Express | DHL Global | Innovid | @HSBC | Stellantis (PSA Peugeot Citroen - Fiat Chrysler) | Grupo Disal | Pedro Puerta

Seguimos gestionando espacios de encuentro ğŸ’™
â¡ï¸ MÃ¡s informaciÃ³n en bit.ly/TECHO_empresas";2024-10-04 11:12;"https://www.linkedin.com/feed/update/urn:li:share:7247971793158696961";49;0;60;3;1611;"6.95";;;;"image"
"Â¡Nuestro equipo te estÃ¡ buscando! ğŸ’™ #bÃºsquedalaboral #argentina ";2024-09-27 10:25;"https://www.linkedin.com/feed/update/urn:li:share:7245423210689642496";39;0;334;4;4892;"7.71";;;;"text"
"ğŸ’¡ #EncendÃ©LaLuz con nosotros y hacÃ© la diferencia.

A lo largo de septiembre y octubre, por cada lÃ¡mpara Philips Led ECOHOME vendida, los clientes estarÃ¡n colaborando con el financiamiento del programa de construcciÃ³n de viviendas de emergencia.

Esta alianza con @Signify representa un avance significativo en nuestra misiÃ³n de mejorar la calidad de vida de las familias que actualmente viven en asentamientos en Argentina. 

Nos llena de orgullo concretar acuerdos como este, que fortalecen nuestro trabajo en conjunto con las comunidades. ";2024-09-17 11:40;"https://www.linkedin.com/feed/update/urn:li:ugcPost:7241818422836121600";46;1;374;8;2355;"18.22";;;;"document"
"Â¿QuÃ© hacemos con la crisis climÃ¡tica?

En la actualidad, esta problemÃ¡tica demanda incluir una perspectiva ambiental en el diseÃ±o, gestiÃ³n y evaluaciÃ³n de polÃ­ticas pÃºblicas tendientes a mejorar la calidad de vida y asegurar el acceso a servicios bÃ¡sicos para las familias que se encuentran en mayor vulnerabilidad socioeconÃ³mica.

âœ… Esta perspectiva permite garantizar la protecciÃ³n del medio ambiente, la mitigaciÃ³n del cambio climÃ¡tico, la promociÃ³n de la salud pÃºblica y la consecuciÃ³n de la equidad social y la justicia ambiental.

ğŸ“‹ La generaciÃ³n de informaciÃ³n es una parte fundamental para impulsar estas medidas y un reflejo de nuestro trabajo en territorio junto con la comunidad. 

â¡ï¸AsÃ­ fue que surgiÃ³ este informe de â€œDesigualdad climÃ¡tica en barrios popularesâ€. Pueden leerlo acÃ¡ https://lnkd.in/dVZT7WJa 

#BarriosPopulares #Argentina #CambioClimÃ¡tico #PolÃ­ticasPÃºblicas #InvestigaciÃ³n 
";2024-09-04 15:15;"https://www.linkedin.com/feed/update/urn:li:ugcPost:7236795704491298816";76;0;635;18;3416;"21.34";;;;"document"
"Â¡CorrÃ© por una buena causa! ğŸƒğŸ»â€â™€ï¸â€

El prÃ³ximo 8/9 se realizarÃ¡ la 9na MaratÃ³n Solidaria con @Universidad Siglo 21,  para mejorar las condiciones de vivienda y hÃ¡bitat de miles de familias de la provincia de #CÃ³rdoba. 

ConocÃ© mÃ¡s y sÃºmate acÃ¡ ğŸ‘‡
https://lnkd.in/dEvnizZe ";2024-08-30 10:33;"https://www.linkedin.com/feed/update/urn:li:ugcPost:7235278340419403778";6;1;13;2;686;"3.21";;;;"text"
"Cada vez mÃ¡s cerca del objetivoğŸ’ª 
Este aÃ±o nos propusimos construir 1001 #viviendas, y este mes llegamos a las 503 ğŸ™ŒğŸ˜ï¸

Gracias al apoyo y compromiso de las #empresas que se sumaron a construir con sus equipos para transformar esta realidad.

@SIGMA AGRO | @Stellantis (PSA Peugeot Citroen - Fiat Chrysler) | @DHL Supply Chain | @Beiersdorf | @SC Johnson | EDET | @Cocos | @Softys | Maqoil

Seguimos gestionando espacios de encuentro ğŸ’™
â¡ï¸ MÃ¡s informaciÃ³n en bit.ly/TECHO_empresas ";2024-08-29 10:09;"https://www.linkedin.com/feed/update/urn:li:share:7234910076854013952";71;5;72;4;3069;"4.95";;;;"image"
"Gracias a @Softys por acompaÃ±arnos a seguir transformando realidades ğŸ©µ

Junto a su equipo construimos 10 viviendas con soluciones sanitarias para 10 familias del barrio ""El Gauchito"" en #ZÃ¡rate. A su vez, @Softys se encargÃ³ de colocar un puesto de vacunaciÃ³n para todo la comunidad.

TambiÃ©n nos reunimos en un espacio de aprendizaje a travÃ©s de una charla sobre ciclos menstruales. Â¡Gracias a todos los que hicieron posible este trabajo! 

#TECHO #empresas #Argentina #voluntariado #construcciÃ³n #higiene #solucionessanitarias";2024-08-20 15:05;"https://www.linkedin.com/feed/update/urn:li:ugcPost:7231723000213979136";20;0;221;1;941;"25.72";;;;"text"
"Gracias a la participaciÃ³n de @Cocos estamos llegando a nuestro objetivo del aÃ±o: construir 1.001 viviendas para que 1.001 familias dejen de vivir en un piso de tierra. 

Si vos tambiÃ©n queres ser parte podes sumarte a construir con tu #empresa.
Te invitamos a ser uno de los protagonistas de tu sector en el cambio que queremos ver en la sociedad.

MÃ¡s informaciÃ³n en bit.ly/TECHO_empresas ğŸ˜ï¸";2024-08-20 14:30;"https://www.linkedin.com/feed/update/urn:li:ugcPost:7231714227785265152";21;0;174;1;1225;"16";;;;"text"
"Gran parte de nuestro trabajo se sostiene gracias al #voluntariado detrÃ¡s de cada actividad que realizamos. Es por esto que para nosotros es muy importante la bÃºsqueda de nuevas personas que quieran sumarse a esta experiencia. 

Gracias al tiempo que nos brindÃ³ @Agencia CHAN! trabajamos en identificar los perfiles de quienes podrÃ­an acompaÃ±arnos en este proceso y creamos una campaÃ±a de #GeneraciÃ³nTECHO para llegar a que mÃ¡s personas se sumen a @TECHO - Argentina ğŸ’™

Si vos tambiÃ©n querÃ©s ser parte, o conoces a alguien que le interese, compartile este link de inscripciÃ³n actividades.techo.org ğŸ™Œ";2024-08-14 15:23;"https://www.linkedin.com/feed/update/urn:li:share:7229553317213859840";52;2;123;8;2411;"7.67";;;;"image"
"""Las construcciones de @TECHO - Argentina son una especie de Aleph de argentinidad, un punto donde todo lo que somos se concentra. El encuentro entre realidades, generaciones, e ideologÃ­as, donde la pasiÃ³n por compartir un mate o una comida conviven con la pobreza extrema a la cual estÃ¡ condenada mÃ¡s de la mitad de la Argentina. (...) 

EstÃ¡ crÃ³nica inicial de los contrastes en una construcciÃ³n con TECHO en Misiones sirve de pequeÃ±a muestra del gran y dramÃ¡tico contraste nacional, graficado por los datos recientemente publicados por el @Observatorio de la Deuda Social Argentina de la UCA: el 55% de la poblaciÃ³n es pobre y uno de cada cinco argentinos es indigente."" 

AsÃ­ empieza la columna de opiniÃ³n de nuestro Director Ejecutivo, @Juan Maquieyra, donde pensamos la gran tragedia argentina y proponemos tres actitudes que nos permitan hacer algo como comunidad para salir adelante, con el norte puesto en que ningÃºn niÃ±o o niÃ±a de Argentina llegue al mundo sin un plato de comida o sobre un piso de tierra.

LeÃ© acÃ¡ la nota completa: https://lnkd.in/dh32rZcC";2024-08-08 10:00;"https://www.linkedin.com/feed/update/urn:li:share:7227101982161854464";28;0;53;3;1767;"4.75";;;;"article"
